-- phpMyAdmin SQL Dump
-- version 5.0.4
-- https://www.phpmyadmin.net/
--
-- Hôte : localhost:3306
-- Généré le : ven. 27 mai 2022 à 17:58
-- Version du serveur :  5.7.24
-- Version de PHP : 8.0.1

SET SQL_MODE = "NO_AUTO_VALUE_ON_ZERO";
START TRANSACTION;
SET time_zone = "+00:00";


/*!40101 SET @OLD_CHARACTER_SET_CLIENT=@@CHARACTER_SET_CLIENT */;
/*!40101 SET @OLD_CHARACTER_SET_RESULTS=@@CHARACTER_SET_RESULTS */;
/*!40101 SET @OLD_COLLATION_CONNECTION=@@COLLATION_CONNECTION */;
/*!40101 SET NAMES utf8mb4 */;

--
-- Base de données : `projet`
--

-- --------------------------------------------------------

--
-- Structure de la table `dico_mardi`
--

CREATE TABLE `dico_mardi` (
  `id` int(11) NOT NULL,
  `lexeme` varchar(30) DEFAULT NULL,
  `melodie_tonale` varchar(30) DEFAULT NULL,
  `pos` varchar(30) DEFAULT NULL,
  `sens_court` varchar(100) DEFAULT NULL,
  `sens_long` varchar(255) DEFAULT NULL
) ENGINE=InnoDB DEFAULT CHARSET=utf8;

--
-- Déchargement des données de la table `dico_mardi`
--

INSERT INTO `dico_mardi` (`id`, `lexeme`, `melodie_tonale`, `pos`, `sens_court`, `sens_long`) VALUES
(2, 'aa', 'LL', 'adj', 'haut', ''),
(3, 'aat', 'LL', 'n', 'respiration', 'souffle, respiration'),
(4, 'aat', 'LL', 'n', 'vie', ''),
(5, 'aatta', 'LLL', 'n', 'trompette', 'instrument à vent'),
(6, 'aat\'túz', 'LLH', 'n', 'fumée', 'fumée claire'),
(7, 'aayem', 'LLL', 'n', 'ciel_diurnejour', 'ciel diurne, espace'),
(8, 'aduê', 'LF', 'n', 'boue', ''),
(9, 'alák', 'LH', 'v', 'plier', 'plier (plusieurs fois)'),
(10, 'Alueráz', 'LLH', 'np', 'Aléraze', 'Aléraze, déesse-mère des Greediens'),
(11, 'aluerázbǒd', 'LLHR', 'n', 'autorité_Aléraze', 'autorité d\'Aléraze'),
(12, 'arkhú', 'LH', 'adj', 'rouge', 'rouge, violet'),
(13, 'arkhuékhě', 'LHR', 'v', 'rougir', ''),
(14, 'arkhuékhě', 'LHR', 'v', 'guérir', 'guérir, reprendre des couleurs'),
(15, 'arkhúläng', 'LH∅', 'n', 'rougetronc', 'rougetronc, arbre fruitier de Greedia'),
(16, 'ayékhë', 'LH∅', 'v', 'monter', 'élever, monter'),
(17, 'ayékhë', 'LH∅', 'v', 'mettre', 'mettre sur un meuble, ranger'),
(18, 'az', 'L', 'v', 'échanger', ''),
(19, 'az', 'L', 'v', 'préférer', 'préférer Y à X'),
(20, 'az', 'L', 'n', 'échange', ''),
(21, 'azdiyáa', 'LLHL', 'n', 'marché', ''),
(22, 'ba', 'L', 'det', 'tous', ''),
(23, 'baád', 'LH', 'v', 'habiter', 'habiter, vivre'),
(24, 'baádzia', 'LHL', 'v', 'construire', ''),
(25, 'baádzia', 'LHL', 'n', 'chantier', ''),
(26, 'baádzia', 'LHL', 'n', 'fondations', ''),
(27, 'bab', 'L', 'n', 'père', ''),
(28, 'babasia', 'LLL', 'n', 'parent_décédé', 'parent masculin d\'une génération antérieure, décédé'),
(29, 'balbaad', 'LLL', 'n', 'visite', ''),
(30, 'balbaád', 'LLH', 'v', 'visiter', 'fréquenter, visiter'),
(31, 'barno', 'LL', 'n', 'Sud', ''),
(32, 'bed', 'L', 'n', 'pierre', 'pierre, roche'),
(33, 'bed', 'L', 'adj', 'défunt', ''),
(34, 'bedïl', 'L∅', 'n', 'galet', 'galet, pierre polie'),
(35, 'bedïl', 'L∅', 'n', 'jouet', 'jouet'),
(36, 'beek', 'L', 'n', 'lieu', ''),
(37, 'belá', 'LH', 'n', 'saut', 'petit saut'),
(38, 'berrí', 'LH', 'n', 'quatre', ''),
(39, 'berríl', 'LH', 'n', 'assez', 'assez de'),
(40, 'besá', 'LH', 'n', 'racine', ''),
(41, 'besá', 'LH', 'n', 'bronche', ''),
(42, 'bilí', 'H', 'n', 'arrière du corps', ''),
(43, 'bilí', 'H', 'n', 'dos', ''),
(44, 'bilí', 'H', 'loc', 'derrière', ''),
(45, 'bilik', 'LL', 'n', 'paume', ''),
(46, 'bilik', 'LL', 'n', 'plante des pieds', ''),
(47, 'bilis', 'LL', 'n', 'tête', ''),
(48, 'biníg', 'H', 'n', 'pied', 'jambe, pied'),
(49, 'binígrip', 'HL', 'n', 'genou', ''),
(50, 'Binna', 'LL', 'np', 'Binna', 'ville de Binna'),
(51, 'birip', 'LL', 'n', 'articulation', ''),
(52, 'bomé', 'LH', 'adj', 'vide', ''),
(53, 'boméekhé', 'LHLH', 'v', 'vider', 'se vider'),
(54, 'boméekhé', 'LHLH', 'v', 'vomir', ''),
(55, 'boméekhérï', 'LHLH∅', 'n', 'purgatif', 'purgatif, vomitif'),
(56, 'bommu', 'LL', 'v', 'arrêter', 'arrêter, stopper'),
(57, 'bommu', 'LL', 'v', 'finir', 'cesser, finir'),
(58, 'bommu', 'LL', 'v', 'rester', ''),
(59, 'bóo', 'HL', 'v', 'plier', 'plier (une fois)'),
(60, 'bóo', 'HL', 'v', 'courber', ''),
(61, 'bóo', 'HL', 'v', 'tordre', 'tordre (en un geste)'),
(62, 'bóo', 'HL', 'n', 'pliure', 'pliure unique'),
(63, 'bóo', 'HL', 'n', 'torsion', 'torsion de la main'),
(64, 'bóo', 'HL', 'n', 'accord', 'accord, autorisation'),
(65, 'boró', 'LH', 'v', 'enseigner', ''),
(66, 'borô', 'LF', 'n', 'leçon', ''),
(67, 'bú', 'H', 'conj', 'COMPL', ''),
(68, 'buat', 'L', 'n', 'main', 'bras, main'),
(69, 'buatrip', 'LL', 'n', 'coude', ''),
(70, 'bub', 'L', 'idph', 'erreur', 'erreur, mal, tordu'),
(71, 'budôm', 'LF', 'n', 'ventre', 'ventre, panse, abdomen'),
(72, 'budôm', 'LF', 'n', 'dessous', 'dessous, envers'),
(73, 'bueér', 'LH', 'n', 'sang', ''),
(74, 'bueér', 'LH', 'n', 'métal', 'métal, minerai'),
(75, 'buem', 'L', 'n', 'doigt', ''),
(76, 'bukon', 'LL', 'n', 'os', ''),
(77, 'bukon', 'LL', 'n', 'avant-bras', ''),
(78, 'bukon', 'LL', 'n', 'branche', ''),
(79, 'bukop', 'L', 'n', 'anus', ''),
(80, 'búl', 'H', 'vm', 'aller', 'aller à'),
(81, 'bulé', 'LH', 'n', 'dent', ''),
(82, 'bulé', 'LH', 'n', 'canine', ''),
(83, 'bulé', 'LH', 'n', 'poinçon', ''),
(84, 'búlgü', 'HØ', 'vm', 'mener', ''),
(85, 'búlgü', 'HØ', 'vm', 'précéder', ''),
(86, 'búlsia', 'HL', 'vm', 'suivreacquiescer', 'acquiescer avec, être d\'accord avec'),
(87, 'bunaag', 'LL', 'n', 'fessier', 'fessier, postérieur'),
(88, 'buǒp', 'R', 'n', 'fil', ''),
(89, 'buothö', 'L∅', 'n', 'bouche', ''),
(90, 'buothrip', 'LL', 'n', 'mâchoire', ''),
(91, 'buoz', 'L', 'n', 'poil', 'poil, cheveu'),
(92, 'buoz', 'L', 'n', 'frange', 'frange de fougère'),
(93, 'bus', 'L', 'n', 'naissance', 'naissance, naître'),
(94, 'butí', 'LH', 'n', 'peau', ''),
(95, 'butí', 'LH', 'n', 'écorce', ''),
(96, 'buyí', 'LH', 'n', 'barque', 'barque fluviale à fond plat'),
(97, 'buyǔz', 'LR', 'n', 'gorge', ''),
(98, 'buyǔz', 'LR', 'n', 'cou', ''),
(99, 'buyǔz', 'LR', 'n', 'tuyau', ''),
(100, 'buzíng', 'LH', 'n', 'œil', ''),
(101, 'buzíng', 'LH', 'n', 'cible', 'cible, but'),
(102, 'dar', 'L', 'n', 'debout', 'position debout'),
(103, 'dárak', 'HL', 'n', 'beau-frère', 'beau-frère, mari de la sœur'),
(104, 'dárakïl', 'HL∅', 'n', 'beau-frère', 'beau-frère, mari de la sœur ou de la cousine'),
(105, 'dárakïl', 'HL∅', 'n', 'beau-fils', 'beau-fils, mari de la fille'),
(106, 'darékhë', 'LH∅', 'v', 'lever', ''),
(107, 'darékhë', 'LH∅', 'v', 'commencer', ''),
(108, 'darläng', 'L∅', 'n', 'individu', 'individu, personne'),
(109, 'deemo', 'LL', 'n', 'enfant', 'enfant, descendant'),
(110, 'deemoku', 'LLL', 'n', 'enfant préféré', 'enfant favori, préféré'),
(111, 'deemorï', 'LL∅', 'n', 'porte-bébé', ''),
(112, 'deer', 'L', 'v', 'occuper', ''),
(113, 'deer', 'L', 'v', 'posséder', ''),
(114, 'degdeemo', 'LLL', 'n', 'simplet', 'simplet, innocent'),
(115, 'dér', 'H', 'adj', 'furieux', ''),
(116, 'dér', 'H', 'adj', 'violent', ''),
(117, 'dér', 'H', 'adj', 'dangereux', 'dangereux par choix'),
(118, 'desteemo', 'LLL', 'n', 'bébé', 'bébé, nourrisson'),
(119, 'diak', 'L', 'n', 'malade', ''),
(120, 'diak', 'L', 'n', 'maladie', ''),
(121, 'diakkosku', 'LLL', 'n', 'symptôme', ''),
(122, 'diaz', 'L', 'v', 'tourner', ''),
(123, 'dildiaz', 'LL', 'v', 'virevolter', 'virevolter, pirouetter'),
(124, 'dílok', 'HL', 'adj', 'mature', 'mature, mûr'),
(125, 'dílokékhë', 'HLHØ', 'v', 'mûrir', ''),
(126, 'dílokékhë', 'HLHØ', 'v', 'grandir', ''),
(127, 'diom', 'L', 'n', 'sœur', 'sœur mariée'),
(128, 'diom', 'L', 'n', 'fille', 'fille mariée'),
(129, 'diom', 'L', 'n', 'cousine', 'cousine paternelle mariée'),
(130, 'diû', 'F', 'Part.n', 'FUT', 'futur, hypothèse'),
(131, 'diyáa', 'LHL', 'n', 'île', ''),
(132, 'do', 'L', 'n', 'chute', ''),
(133, 'do', 'L', 'n', 'falaise', ''),
(134, 'dool', 'L', 'n', 'barque', 'barque de pêche'),
(135, 'doose', 'LL', 'adj', 'seul', ''),
(136, 'doose', 'LL', 'adj', 'unique', ''),
(137, 'doose', 'LL', 'adj', 'précieux', ''),
(138, 'dórmo', 'HL', 'n', 'crabe', ''),
(139, 'dua', 'LL', 'pro', '1', 'moi, nous'),
(140, 'duaam', 'L', 'n', 'excuse, contribution', ''),
(141, 'duab', 'L', 'Part.v', 'EV_1', 'selon moi, je pense'),
(142, 'duapód', 'LH', 'n', 'domaine_1', 'ce qui me/nous concerne, domaine (mon, notre) le domaine de notre X'),
(143, 'duapód', 'LH', 'pro', '1.POSS.DET', 'le mien, le nôtre'),
(144, 'duǐl', 'R', 'adj', 'lourd', ''),
(145, 'duǐl', 'R', 'adj', 'imposant', ''),
(146, 'duǐl', 'R', 'adj', 'profond', ''),
(147, 'duǐl', 'R', 'adj', 'important', ''),
(148, 'duilékhë', 'LH∅', 'v', 'alourdir', ''),
(149, 'duilláng', 'LH', 'n', 'plomb', ''),
(150, 'duilláng', 'LH', 'n', 'poids', 'poids, plombs'),
(151, 'dun', 'L', 'v', 'aimer', ''),
(152, 'dzizz', 'L', 'idph', 'grincer_dent', 'grincement de dent'),
(153, 'ée', 'HL', 'intj', 'ah', 'satisfaction'),
(154, 'égemmâs', 'HLF', 'n', 'hall', ''),
(155, 'égemmâs', 'HLF', 'n', 'forum', ''),
(156, 'égemmâs', 'HLF', 'n', 'Conseil', ''),
(157, 'emïl', 'LØ', 'n', 'serviteur', ''),
(158, 'emïl', 'LØ', 'n', 'noble', ''),
(159, 'emïl', 'LØ', 'n', 'élite', ''),
(160, 'emïl', 'LØ', 'n', 'gouverneur', 'gouverneur de province'),
(161, 'émmas', 'HL', 'n', 'faîte', ''),
(162, 'émmas', 'HL', 'n', 'toit', ''),
(163, 'émmas', 'HL', 'n', 'surface_haute', 'surface haute non plate'),
(164, 'émmas', 'HL', 'n', 'maison', ''),
(165, 'émmas', 'HL', 'loc', 'sur', 'sur (surface non plate)'),
(166, 'émmaspód', 'HLH', 'n', 'couverture', 'couverture, recouvrement'),
(167, 'émmaspód', 'HLH', 'n', 'protection', 'protection physique contre les éléments'),
(168, 'en', 'L', 'n', 'couché', 'position couchée, allongée sur le dos'),
(169, 'én', 'H', 'n', 'tente', ''),
(170, 'énas', 'HL', 'vm', 'courir', ''),
(171, 'énas', 'HL', 'vm', 'chasser', ''),
(172, 'énas', 'HL', 'n', 'course', ''),
(173, 'énas', 'HL', 'n', 'chasse', ''),
(174, 'epkorû', 'LLF', 'n', 'tueur', ''),
(175, 'epmulô', 'LLF', 'n', 'ambitieux', ''),
(176, 'epnómulô', 'LHLF', 'n', 'fouineur', ''),
(177, 'epseétaphê', 'LLHLF', 'n', 'géomètre', ''),
(178, 'epseétaphépǒd', 'LLHLHR', 'n', 'alignement', ''),
(179, 'epseétaphépǒd', 'LLHLHR', 'n', 'redressement', ''),
(180, 'epsewâl', 'LLF', 'adj', 'en_retard', 'en retard'),
(181, 'es', 'L', 'conj', 'LNK', 'et, mais'),
(182, 'ésemmâs', 'HLF', 'n', 'chapeau', 'chapeau, couvre-chef'),
(183, 'galgatékhë', 'LLH∅', 'v', 'élancer', 'aller et venir (douleur), élancer'),
(184, 'gaskat', 'LL', 'n', 'élancement', 'élancement, souffle au cœur, point de côté'),
(185, 'gat', 'L', 'n', 'douleur', 'douleur, mal'),
(186, 'gatékhë', 'LH∅', 'v', 'endolorir', ''),
(187, 'gatku', 'LL', 'n', 'élan de douleur', ''),
(188, 'gazéem', 'LHL', 'n', 'homme', ''),
(189, 'geere', 'LL', 'n', 'concombre', 'concombre greedien'),
(190, 'gem', 'L', 'det', 'ce_haï', 'ce X adversarial, démonstratif de distance émotionnelle forte'),
(191, 'gém', 'H', 'pro', 'celui_haï', 'celui-ci (haï)'),
(192, 'géno', 'HL', 'n', 'gene', 'gene, mois greedien'),
(193, 'geree', 'LL', 'adj', 'greedien', ''),
(194, 'Gereediyáa', 'LLLHL', 'np', 'Greedia', 'la planète Greedia'),
(195, 'gier', 'L', 'adj', 'noir', ''),
(196, 'gierïl', 'L∅', 'n', 'encre', ''),
(197, 'Gilïl', 'L∅', 'np', 'Yill', 'Yill, capitale de Greedia'),
(198, 'góro', 'HL', 'n', 'saut', 'grand saut'),
(199, 'gorúb', 'LH', 'n', 'rivage', ''),
(200, 'gorúbbǒd', 'LHR', 'n', 'étendue', 'étendue de zone maritime, largeur d\'un rivage'),
(201, 'gotá', 'LH', 'v', 'danser', ''),
(202, 'gotá', 'LH', 'v', 'jouer', ''),
(203, 'gudí', 'LH', 'v', 'utiliser', 'se servir de, utiliser'),
(204, 'gudí', 'LH', 'v', 'aider', 'aider, supporter'),
(205, 'gugât', 'LF', 'n', 'fakir', ''),
(206, 'gukháyub', 'LHL', 'n', 'lancier, soldat', ''),
(207, 'gukháyubba', 'LHLL', 'n', 'armée', ''),
(208, 'guloom', 'LHL', 'n', 'savant', ''),
(209, 'guloom', 'LHL', 'n', 'lettré', ''),
(210, 'guloom', 'LHL', 'n', 'conseiller', ''),
(211, 'guôs', 'F', 'adv', 'seulement', 'seulement, uniquement'),
(212, 'gutâ', 'LF', 'n', 'musicien', ''),
(213, 'gutékot', 'LHL', 'n', 'paysan', 'agriculteur, paysan'),
(214, 'gutúz', 'LH', 'n', 'forgeron', 'forgeron, armurier'),
(215, 'gutúzdǎl', 'LHR', 'n', 'gardien de phare', ''),
(216, 'guwállangíl', 'LHLH', 'n', 'végétarien', ''),
(217, 'guwállangíl', 'LHLH', 'n', 'herbivore', ''),
(218, 'guyûl', 'LF', 'n', 'marin', ''),
(219, 'guyúz', 'LH', 'n', 'boucher', ''),
(220, 'ǐ', 'R', 'n', 'montagne', ''),
(221, 'ígitî', 'HLF', 'n', 'gonflement', ''),
(222, 'ígitî', 'HLF', 'n', 'tumeur', ''),
(223, 'ǐl', 'R', 'n', 'fleuve', 'fleuve, rivière'),
(224, 'iliós', 'LH', 'n', 'ilyos', 'ilyos, plante médicinale'),
(225, 'ílistâ', 'HLF', 'v', 'répéter', ''),
(226, 'ílistâ', 'HLF', 'v', 'faire écho', ''),
(227, 'ir', 'L', 'adj', 'grand', ''),
(228, 'irrï', 'L∅', 'n', 'soleil', ''),
(229, 'is', 'L', 'adv', 'aujourd\'hui', ''),
(230, 'ís', 'H', 'Part.v', 'RUM', 'rumeur'),
(231, 'ísistâ', 'HLF', 'n', 'insulte', 'injure, insulte'),
(232, 'ísta', 'HL', 'v', 'prononcer', 'dire, prononcer, émettre un bruit'),
(233, 'ísta', 'HL', 'v', 'nommer', 'appeler, nommer'),
(234, 'ísta', 'HL', 'n', 'nom', 'nom, appelation'),
(235, 'ístagü', 'HL∅', 'n', 'renommer', ''),
(236, 'itál', 'LH', 'n', 'tour de guet', ''),
(237, 'itál', 'LH', 'n', 'château', ''),
(238, 'itálläng', 'LH∅', 'n', 'châtelain', ''),
(239, 'íti', 'HL', 'n', 'bourgeon, boule', ''),
(240, 'ízu', 'HL', 'v', 'sucer', 'sucer, téter'),
(241, '-k', '', 'aff', 'REFL', 'réflexif'),
(242, 'kaa', 'LL', 'v', 'donner', 'donner, offrir'),
(243, 'kaa', 'L', 'n', 'cadeau', 'cadeau, don, présent'),
(244, 'kál', 'H', 'v', 'sentir', 'sentir avec la langue'),
(245, 'kál', 'H', 'v', 'goûter', ''),
(246, 'kál', 'H', 'v', 'tester', ''),
(247, 'kâl', 'F', 'n', 'test', 'expérience, test'),
(248, 'keel', 'L', 'n', 'serpent', ''),
(249, 'keel', 'L', 'n', 'manchot', ''),
(250, 'keel', 'L', 'n', 'maladroit', ''),
(251, 'keel', 'L', 'n', 'pénis', ''),
(252, 'keelïl', 'L∅', 'n', 'serpenteau', 'couvée de serpent, serpenteau'),
(253, 'kémpe', 'HL', 'n', 'vague', ''),
(254, 'kémpe', 'HL', 'n', 'onde', ''),
(255, 'khaád', 'LH', 'v', 'quitter', 'partir, quitter'),
(256, 'khaád', 'LH', 'v', 'laisser', ''),
(257, 'khaané', 'LH', 'adj', 'doué', 'doué, talentueux'),
(258, 'khapodo', 'LLL', 'n', 'oreille', ''),
(259, 'khayub', 'LL', 'n', 'lance', ''),
(260, 'khayub', 'LL', 'n', 'épieu', ''),
(261, 'khé', 'H', 'adj', 'sec', ''),
(262, 'khékeel', 'HL', 'n', 'paralytique', ''),
(263, 'khelkhesoókhë', 'LLLH∅', 'v', 'rebattre', ''),
(264, 'kheso', 'LL', 'adj', 'nu', 'dénudé, nu'),
(265, 'khesomiôd', 'LLF', 'n', 'lettre', 'lettre, message'),
(266, 'khesoókhë', 'LLH∅', 'v', 'exposer', ''),
(267, 'khesoókhë', 'LLH∅', 'v', 'battre_grain', 'battre le grain'),
(268, 'khesoókhrï', 'LLH∅', 'n', 'fléau', ''),
(269, 'khesoór', 'LLH', 'n', 'plaie', ''),
(270, 'khesoór', 'LLH', 'n', 'mine', 'mine à ciel ouvert'),
(271, 'khesoot', 'LLL', 'adj', 'franc', 'franc, explicite, honnête'),
(272, 'khesootpód', 'LLLH', 'n', 'honnêteté', 'franchise, honnêteté'),
(273, 'khesoyû', 'LLHL', 'n', 'poisson', 'poisson hors de l\'eau'),
(274, 'khesoyû', 'LLHL', 'n', 'inadapté', 'personne mal à l\'aise, inadaptée'),
(275, 'khessep', 'LL', 'n', 'céréale', 'céréale, grain'),
(276, 'khiô', 'F', 'v', 'demander', ''),
(277, 'khiô', 'F', 'v', 'prier', ''),
(278, 'khiúkh', 'H', 'idph', 'éternuer', 'éternuement, éternuer'),
(279, 'khobî', 'LF', 'n', 'cœur', ''),
(280, 'khootí', 'LLH', 'v', 'toucher', ''),
(281, 'khootí', 'LLH', 'v', 'palper', 'palper, tâter'),
(282, 'khootí\'thual', 'LLHL', 'n', 'consonne', ''),
(283, 'khu', 'L', 'n', 'fille', ''),
(284, 'khumâ', 'LF', 'n', 'nez', ''),
(285, 'kiggithá', 'LLH', 'n', 'jarre', 'amphore, jarre'),
(286, 'kis', 'L', 'adj', 'fluide', 'fluide, liquide'),
(287, 'kiskithá', 'LLH', 'n', 'fiole', 'fiole, flacon'),
(288, 'kisläng', 'L', 'n', 'ruisseau', ''),
(289, 'kithá', 'LH', 'n', 'bouteille', 'bouteille, flacon, fiole'),
(290, 'kitháakhé', 'LHLH', 'v', 'embouteiller', 'embouteiller, remplir une bouteille avec'),
(291, 'koggon', 'LL', 'n', 'tronc', ''),
(292, 'koggon', 'LL', 'n', 'bois', ''),
(293, 'kóla', 'HL', 'adj', 'frais, ombragé', ''),
(294, 'kólapód', 'HLH', 'n', 'ombre', ''),
(295, 'kólapód', 'HLH', 'n', 'abri', ''),
(296, 'komba', 'LL', 'n', 'ossuaire', ''),
(297, 'konïl', 'L∅', 'n', 'phosphore', ''),
(298, 'koo', 'LL', 'n', 'un', ''),
(299, 'koo', 'LL', 'n', 'même', 'même chose'),
(300, 'koo', 'LL', 'n', 'quel', 'quel (exclamatif)'),
(301, 'koo', 'LL', 'adj', 'nouveau', 'neuf, nouveau'),
(302, 'kopïl', 'L∅', 'n', 'excrément', ''),
(303, 'kor', 'L', 'n', 'fils', ''),
(304, 'koró', 'LH', 'adj', 'fermenté', ''),
(305, 'koró', 'LH', 'adj', 'aigre', ''),
(306, 'koróraz', 'LHLH', 'n', 'fromage', 'fromage frais'),
(307, 'korósim', 'LHL', 'n', 'pain', ''),
(308, 'korú', 'LH', 'v', 'tuer', ''),
(309, 'krr', 'L', 'idph', 'crac', 'craquement sec'),
(310, 'ksiss', 'L', 'idph', 'plouf', 'fluide qui s\'écoule brusquement d\'un coup'),
(311, 'ku', 'L', 'det', 'chaque', ''),
(312, 'kub', 'LH', 'n', 'désir', 'désir, envie'),
(313, 'kuis', 'L', 'n', 'frère', ''),
(314, 'kuis', 'L', 'n', 'neveu', 'neveu, fils du frère'),
(315, 'kuisisia', 'LLL', 'n', 'parent_décédé', 'parent masculin de la même génération, décédé'),
(316, 'kunno', 'LL', 'n', 'Nord', ''),
(317, 'kupa', 'LL', 'n', 'mort', ''),
(318, 'lá', 'H', 'intj', 'oh', 'oh, interjection de surprise'),
(319, 'lagró', 'LH', 'n', 'trois', 'trois, triade'),
(320, 'lagróol', 'LHL', 'n', 'peu', 'peu de, pas assez de'),
(321, 'lak', 'L', 'idph', 'clac', 'claquement sourd'),
(322, 'lammí', 'LH', 'n', 'huit', ''),
(323, 'láng', 'H', 'pro', 'qui, quoi', ''),
(324, 'läng', '∅', 'n', 'chose', ''),
(325, 'láng\'dua', 'HL', 'n', 'devinette', 'devinette, énigme, charade'),
(326, 'léba', 'HL', 'n', 'dentition', ''),
(327, 'lébaläng', 'HL∅', 'n', 'odontides', 'odontides (animaux)'),
(328, 'lédeemoku', 'HLLL', 'n', 'chanceux', 'chanceux, favorisé'),
(329, 'léedôm', 'HLF', 'n', 'poche', ''),
(330, 'léedôm', 'HLF', 'n', 'sac', ''),
(331, 'léedómlang', 'HLHL', 'n', 'havresac', ''),
(332, 'léedómlang', 'HLHL', 'n', 'voyageur', ''),
(333, 'léem', 'HL', 'adj', 'utile', ''),
(334, 'léglě', 'HR', 'adj', 'dentu', ''),
(335, 'lékon', 'HL', 'n', 'craie', ''),
(336, 'lékon', 'HL', 'n', 'gypse', ''),
(337, 'lékonïl', 'HL∅', 'n', 'plâtre', ''),
(338, 'lékoo', 'HL', 'adj', 'simple', ''),
(339, 'lépoze', 'HLL', 'n', 'sage', ''),
(340, 'léslě', 'HR', 'n', 'dent_poisson', 'dent de poisson'),
(341, 'létaphé', 'HLH', 'adj', 'filiforme', 'filiforme, longiline, unidimensionnel'),
(342, 'létaphépǒd', 'HLHR', 'n', 'dimension', ''),
(343, 'létaphépǒd', 'HLHR', 'n', 'longueur', ''),
(344, 'lézakó', 'HLH', 'adj', 'tubulaire', ''),
(345, 'lï', '∅', 'Part.n', 'INST', 'avec, et, par, comme'),
(346, 'lillis', 'LL', 'v', 'compter', 'compter, dénombrer'),
(347, 'lím', 'H', 'v', 'protéger', ''),
(348, 'liǒs', 'R', 'n', 'herbe', ''),
(349, 'líp', 'H', 'v', 'plaisir', 'avoir du plaisir'),
(350, 'lîp', 'F', 'n', 'plaisir', 'plaisir sexuel'),
(351, 'lipód', 'LH', 'n', 'extérieur', ''),
(352, 'lisku', 'LL', 'n', 'item', 'chiffre, item, nombre cardinal'),
(353, 'lispa', 'LL', 'n', 'nombre', 'nombre (étendue)'),
(354, 'lispa', 'LL', 'adj', 'nombreux', ''),
(355, 'Lispuo', 'LL', 'np', 'Lipsou', 'Lipsou, prénom greedien'),
(356, 'ló', 'H', 'conj', 'c\'est_pourquoi', 'c\'est pourquoi, par conséquent'),
(357, 'lóom', 'HL', 'n', 'savoir', 'connaissance, savoir'),
(358, 'lóomba', 'HLL', 'n', 'expérience', 'connaissance, culture générale, expérience'),
(359, 'lóomékhe', 'HLHL', 'n', 'étude', 'sujet d\'étude'),
(360, 'lóomékhë', 'HLH∅', 'v', 'apprendre, étudier', ''),
(361, 'lóomékheba', 'HLHLL', 'n', 'études', 'parcours d\'études'),
(362, 'lóompód', 'HLH', 'n', 'savoir', 'savoir, culture générale'),
(363, 'lóompód', 'HLH', 'n', 'science', ''),
(364, 'lóondiyáa', 'HLLHL', 'n', 'université', ''),
(365, 'lóongku', 'HLL', 'n', 'idée', ''),
(366, 'lugékhë', 'LH∅', 'v', 'craindre', 'avoir peur, craindre'),
(367, 'maá\'ka', 'LHL', 'adv', 'ici_haï', 'ici, là (lieu haï)'),
(368, 'mabaád', 'LLH', 'v', 'inaugurer', 'inaugurer, pendre la crémaillère'),
(369, 'mabaád', 'LLH', 'v', 'adhérer à', 'adhérer à, intégrer (société)'),
(370, 'mak', 'L', 'adv', 'cette_nuit', 'cette nuit'),
(371, 'makékhë', 'LH∅', 'v', 'endormir', '(s\')endormir'),
(372, 'maktiyáa', 'LLHL', 'n', 'ciel nocturne', ''),
(373, 'masia', 'LL', 'adj', 'lointain', ''),
(374, 'masia', 'LL', 'adj', 'passé', 'passé, ancien'),
(375, 'masiapód', 'LLH', 'n', 'passé', ''),
(376, 'masungká', 'LLH', 'v', 'chroniquer', 'témoigner par écrit'),
(377, 'masungkâ', 'LLF', 'n', 'chronique', 'chronique, journal'),
(378, 'masungkâ', 'LLF', 'n', 'témoignage (écrit)', ''),
(379, 'masungkâ', 'LLF', 'n', 'Histoire', ''),
(380, 'masungkâ', 'LLF', 'n', 'livre', ''),
(381, 'masungkásia', 'LLHL', 'n', 'prédiction', 'prédiction, prophétie'),
(382, 'masungkásia', 'LLHL∅', 'v', 'prédire', 'prédire, prévoir'),
(383, 'matép', 'LH', 'v', 'traduire', 'interpréter, traduire'),
(384, 'matêp', 'LF', 'n', 'traduction', ''),
(385, 'mathual', 'LL', 'v', 'lecture', 'lecture, récital'),
(386, 'mathual', 'LL', 'v', 'discours', ''),
(387, 'mathual', 'LL', 'v', 'réciter', 'déclamer, lire à voix haute, réciter'),
(388, 'mayos', 'LL', 'v', 'surveiller', ''),
(389, 'mayos', 'LL', 'n', 'surveillance', ''),
(390, 'mayos', 'LL', 'n', 'souci', ''),
(391, 'mazdá', 'LH', 'n', 'sept', ''),
(392, 'mazeétuepé', 'LLHLH', 'v', 'rassembler', 'rassembler, convier en masse'),
(393, 'méng', 'H', 'idph', 'boïng', 'vibration de corde tendue'),
(394, 'mǐ', 'R', 'v', 'pleurer', 'geindre, pleurer'),
(395, 'miekhë', 'L∅', 'n', 'regard', 'regard, vue'),
(396, 'miekhë', 'L∅', 'n', 'direction', ''),
(397, 'miekhë', 'L∅', 'n', 'destination', 'but, destination'),
(398, 'miekhë', 'L∅', 'n', 'route', 'chemin, route'),
(399, 'miekhë', 'L∅', 'n', 'solution', ''),
(400, 'miekhläng', 'L∅', 'n', 'attraction', 'attraction, point d\'intérêt'),
(401, 'miekkhu', 'LLL', 'n', 'coup d\'œil', ''),
(402, 'mǐ\'keel', 'LHL', 'n', 'cri_serpent', 'cri du serpent'),
(403, 'mǐ\'keel', 'LHL', 'n', 'gloussement', ''),
(404, 'miôd', 'F', 'v', 'appeler', 'appeler, héler'),
(405, 'miôd', 'F', 'v', 'signifier', ''),
(406, 'miôd', 'F', 'n', 'appel', ''),
(407, 'miôd', 'F', 'n', 'signe', ''),
(408, 'mók', 'H', 'v', 'nouer', ''),
(409, 'mókpe', 'HL', 'n', 'nœud', ''),
(410, 'mókpe', 'HL', 'n', 'verrue', ''),
(411, 'mootho', 'LL', 'n', 'sourire', ''),
(412, 'mor', 'L', 'n', 'devoir_moral', 'devoir moral, obligation culturelle'),
(413, 'muló', 'LH', 'v', 'chercher', 'chercher, rechercher'),
(414, 'muló', 'LH', 'v', 'vouloir', ''),
(415, 'mulô', 'LF', 'n', 'but', ''),
(416, 'mulô', 'LF', 'n', 'ambition', ''),
(417, 'mulógü', 'LH∅', 'v', 'trouver', ''),
(418, 'muló\'thílim', 'LHHLH', 'n', 'ambition_royale', 'ambition de devenir roi'),
(419, 'nä', '∅', 'Part.n', 'LOC', 'à, dans'),
(420, 'nä', '∅', 'Part.n', 'PRS', ''),
(421, 'naa', 'LL', 'intj', 'allons bon', ''),
(422, 'naá\'ka', 'LHL', 'adv', 'ici_apprécié', 'ici (apprécié)'),
(423, 'naáp', 'LH', 'n', 'eau', ''),
(424, 'naáp', 'LH', 'n', 'liquide', ''),
(425, 'naápekhé', 'LHLH', 'v', 'fondre', ''),
(426, 'naáprad', 'LHL', 'n', 'marc', 'dépôt, marc'),
(427, 'nabe', 'LL', 'adj', 'rapide', ''),
(428, 'nabe', 'LL', 'adj', 'subit', ''),
(429, 'nabe', 'LL', 'adj', 'inattendu', ''),
(430, 'nabe', 'LL', 'adj', 'catastrophique', ''),
(431, 'nabeékhë', 'LLH∅', 'v', 'accélérer', 'accélérer, élancer, hâter'),
(432, 'nan', 'L', 'n', 'mère', ''),
(433, 'nanasia', 'LLL', 'n', 'parente_décédée', 'parente féminine d\'une génération antérieure, décédée'),
(434, 'nangkuis', 'LL', 'n', 'oncle', 'oncle maternelle, frère de la mère'),
(435, 'napód', 'LH', 'n', 'intérieur', ''),
(436, 'nasnan', 'LL', 'n', 'tante', 'tante maternelle, sœur de la mère'),
(437, 'nasnan', 'LL', 'n', 'tante', 'tante maternelle, sœur de la mère'),
(438, 'nasnan', 'LL', 'n', 'belle-sœur', 'belle-sœur, sœur de l\'épouse ou de la cousine'),
(439, 'nesnee', 'LLL', 'n', 'nesnee', 'nesnee, petit animal herbivore'),
(440, 'nezid', 'LL', 'v', 'essayer', 's\'acharner sur, essayer en vain'),
(441, 'nezid', 'LL', 'v', 'harceler', 'harceler, tenter de faire parler'),
(442, 'ní', 'H', 'adj', 'entier', 'complet, entier'),
(443, 'niékhě', 'HR', 'v', 'unir', ''),
(444, 'niékhě', 'HR', 'v', 'compléter', ''),
(445, 'niékhě', 'HR', 'v', 'joindre', ''),
(446, 'niékhě', 'HR', 'v', 'fermer_porte', 'fermer (porte)'),
(447, 'nóbaád', 'HLH', 'v', 'hanter', ''),
(448, 'nóbaád\'kupa', 'HLHLL', 'n', 'lieu_funeste', 'endroit hanté, lieu funeste'),
(449, 'nóge', 'HL', 'n', 'œuf', ''),
(450, 'Nógekis', 'HLL∅', 'np', 'Noxilan', 'Noxilan, village antique'),
(451, 'nókaa', 'HLL', 'n', 'qualité', ''),
(452, 'nókaa', 'HLL', 'v', 'donner_anonymement', 'donner anonymement'),
(453, 'nókaa', 'HLL', 'v', 'sacrifier', ''),
(454, 'nókaa\'deemo', 'HLLLLL', 'n', 'abandon d\'enfant, consacration d\'enfant', ''),
(455, 'nómuló', 'HLH', 'v', 'enquêter_secret', 'enquêter (en secret)'),
(456, 'nómulô', 'HLF', 'n', 'enquête', ''),
(457, 'nópodo', 'HLL', 'n', 'hallucination auditive', ''),
(458, 'nópodo', 'HLL', 'n', 'méprise', 'méprise, quiproquo'),
(459, 'nópodo', 'HLL', 'v', 'halluciner', 'halluciner (auditivement)'),
(460, 'nópodo', 'HLL', 'v', 'méprendre', ''),
(461, 'nósungká', 'HLH', 'v', 'noter, penser_secret', 'noter dans un journal intime, penser à part soi'),
(462, 'nósungkâ', 'HLF', 'n', 'pensée', 'pensée, réflexion secrète'),
(463, 'nósungkárï', 'HLH∅', 'n', 'journal_intime', 'journal intime'),
(464, 'nóyos', 'HL', 'v', 'imaginer', 'halluciner, imaginer, rêver'),
(465, 'nóyos\'tan', 'HLL', 'n', 'rêve', ''),
(466, 'nuon', 'L', 'n', 'sœur', 'sœur utérine'),
(467, 'nuon', 'L', 'n', 'cousine', 'cousine paternelle'),
(468, 'nuon', 'L', 'n', 'belle-sœur', 'belle-sœur, femme du frère ou du cousin'),
(469, 'nuonosia', 'LLL', 'n', 'parente_décédée', 'parent féminin de la même génération, décédé'),
(470, 'nút', 'H', 'adj', 'propre', ''),
(471, 'nút', 'H', 'adj', 'pur', ''),
(472, 'nútekhé', 'HLH', 'v', 'nettoyer', ''),
(473, 'óbab', 'LL', 'n', 'grand-père', 'grand-père, père du père'),
(474, 'óbab', 'LL', 'n', 'patriarche', 'patriarche, chef du clan'),
(475, 'obí', 'LH', 'v', 'écraser', ''),
(476, 'obí', 'LH', 'v', 'étaler', ''),
(477, 'obî', 'LF', 'n', 'beurre', ''),
(478, 'obî', 'LF', 'n', 'pâte', ''),
(479, 'obídiyáa', 'LHLHL', 'n', 'laiterie', ''),
(480, 'obídiyáa', 'LHLHL', 'n', 'marcairie', ''),
(481, 'obîl', 'LF', 'n', 'ghi', 'beurre clarifié, ghi'),
(482, 'obírï', 'LH∅', 'n', 'baratte', ''),
(483, 'Obí\'sîm', 'LHF', 'np', 'Obi\'sim', 'Obi\'sim, clan greedien'),
(484, 'oksil', 'LL', 'n', 'oxyl', 'oxyl, plante hallucinogène'),
(485, 'ol', 'L', 'det', 'ce_inconnu', 'ce X nouveau/inconnu, démonstratif de distance émotionnelle inconnue'),
(486, 'ól', 'H', 'pro', 'celui_inconnu', 'celui-ci, celui-là (nouveau, inconnu)'),
(487, 'ónan', 'LL', 'n', 'grand-mère', 'grand-mère paternelle, mère du père'),
(488, 'ónan', 'LL', 'n', 'matriarche', 'matriarche, cheffe du clan'),
(489, 'ónuon', 'HL', 'n', 'tante', 'tante paternelle non-mariée'),
(490, 'ónuon', 'HL', 'n', 'tante', 'tante, femme de l\'oncle paternel'),
(491, 'oo', 'LL', 'intj', 'ah', '\"ah!\", expression de l\'impatience'),
(492, 'ookhläng', 'L∅', 'n', 'cerf-volant', ''),
(493, 'ookhö', 'LL∅', 'n', 'vol', ''),
(494, 'ookhö', 'LL∅', 'n', 'lévitation', 'lévitation, flottement en l\'air'),
(495, 'ookphód', 'LH', 'n', 'beau temps', ''),
(496, 'ookphód', 'LH', 'n', 'ciel', ''),
(497, 'oorú', 'LLH', 'n', 'huile', ''),
(498, 'opat', 'LL', 'v', 'tirer', 'tirer, soulever avec un lien'),
(499, 'opat', 'LL', 'v', 'pêcher', 'pêcher (au filet)'),
(500, 'ópta', 'HL', 'n', 'harpe', ''),
(501, 'or', 'L', 'adj', 'petit', ''),
(502, 'Ortúzdǎl', 'LHR', 'np', 'Ortudzal', 'Ortudzal, village antique'),
(503, 'paak', 'LL', 'n', 'couché', 'position couchée, allongée sur le ventre'),
(504, 'pak', 'L', 'adj', 'long', ''),
(505, 'pak', 'L', 'adj', 'large', ''),
(506, 'pér', 'H', 'n', 'cou', ''),
(507, 'pérlǐ', 'HR', 'n', 'nuque', ''),
(508, 'pérudôm', 'HLF', 'n', 'gorge', ''),
(509, 'phar', 'L', 'v', 'jeter', 'jeter, lancer'),
(510, 'phes', 'L', 'det', 'ce_indifférent', 'ce X indifférent, démonstratif d\'indifférence émotionnelle'),
(511, 'phés', 'H', 'pro', 'celui_méprisable', 'celui-ci (méprisable)'),
(512, 'phiús', 'HL', 'adj', 'net', ''),
(513, 'phiús', 'HL', 'adj', 'solide', ''),
(514, 'phiús', 'HL', 'adj', 'dur', ''),
(515, 'phiúsekhé', 'HLH', 'v', 'durcir', ''),
(516, 'phiúsekhé', 'HLH', 'v', 'focaliser', ''),
(517, 'phiúsnaáp', 'HLH', 'n', 'glace', ''),
(518, 'phiyép', 'LH', 'n', 'deux', ''),
(519, 'phiyép', 'LH', 'n', 'couple', 'couple, paire'),
(520, 'pî', 'F', 'v', 'rajouter', 'augmenter de, additionner, rajouter'),
(521, 'piak', 'L', 'n', 'terre', ''),
(522, 'piak', 'L', 'n', 'sol', ''),
(523, 'piak', 'L', 'n', 'continent', ''),
(524, 'piak', 'L', 'n', 'terre', ''),
(525, 'piak', 'L', 'n', 'sol', ''),
(526, 'piak', 'L', 'n', 'continent', ''),
(527, 'piakékhë', 'LH∅', 'v', 'enfouir', 'enfouir, enterrer'),
(528, 'piakékhrï', 'LH∅', 'v', 'pelle', ''),
(529, 'piakïl', 'L∅', 'n', 'humus', ''),
(530, 'piaktiyáa', 'LLHL', 'n', 'péninsule', ''),
(531, 'podo', 'LL', 'v', 'entendre', ''),
(532, 'podo', 'LL', 'v', 'écouter', ''),
(533, 'podoläng', 'LL∅', 'n', 'ouïe', 'audition, ouïe'),
(534, 'polpodo', 'LLL', 'v', 'répéter', 'se répéter'),
(535, 'polpodo', 'LLL', 'n', 'écho', ''),
(536, 'polpodo', 'LLL', 'n', 'répétition', ''),
(537, 'poro', 'LL', 'adj', 'gras', ''),
(538, 'porootí', 'LLLH', 'n', 'lard', ''),
(539, 'pothö', 'L∅', 'adj', 'bleu', 'bleu, indigo'),
(540, 'potthórmo', 'LHL', 'n', 'crabe_bleu', 'crabe bleu'),
(541, 'poze', 'LL', 'adj', 'vieux', 'vieux, passé'),
(542, 'pozeläng', 'LL∅', 'n', 'grand-père', 'grand-père maternel'),
(543, 'pozeläng', 'LL∅', 'n', 'beau-père', 'beau-père d\'un homme'),
(544, 'pu', 'L', 'adj', 'clair', 'clair, lumineux'),
(545, 'pu', 'L', 'adj', 'transparent', ''),
(546, 'pu', 'L', 'adj', 'honnête', ''),
(547, 'puo', 'L', 'n', 'tache', 'tache claire, tache de lumière'),
(548, 'pupód', 'LH', 'n', 'lumière', 'lumière du jour'),
(549, 'raa', 'LL', 'Part.n', 'PST', 'passé'),
(550, 'ráa', 'HL', 'v', 'mordre', ''),
(551, 'ráa', 'HL', 'n', 'morsure', ''),
(552, 'ráa', 'HL', 'n', 'bouchée', ''),
(553, 'ráa\'besá', 'HLLH', 'n', 'vermine', 'parasite, ver, vermine'),
(554, 'raagu', 'LLL', 'n', 'verre', ''),
(555, 'ráa\'zing', 'HLL', 'n', 'vermine', 'parasite, mite, vermine'),
(556, 'rad', 'L', 'n', 'sable', ''),
(557, 'radékhë', 'LH∅', 'v', 'émietter', ''),
(558, 'radékhë', 'LH∅', 'v', 'énerver', ''),
(559, 'radem', 'LL', 'n', 'pincée', ''),
(560, 'rágraa', 'HLL', 'n', 'trop', ''),
(561, 'rárraa', 'HLL', 'v', 'mordiller', ''),
(562, 'rárraa', 'HLL', 'v', 'mâcher', ''),
(563, 'ráz', 'H', 'n', 'lait', ''),
(564, 'rempód', 'LH', 'n', 'joie', ''),
(565, 'rempód', 'LH', 'n', 'bonheur', ''),
(566, 'ren', 'L', 'adj', 'joyeux', 'content, joyeux'),
(567, 'renékhë', 'LH∅', 'v', 'réjouir', ''),
(568, 'ri', 'L', 'n', 'nourriture', ''),
(569, 'rǐ', 'R', 'v', 'manger', ''),
(570, 'ridíyaa', 'LHLL', 'n', 'grenier', ''),
(571, 'ridíyaa', 'LHLL', 'n', 'cellier', ''),
(572, 'rirí', 'LH', 'n', 'ingrédient', ''),
(573, 'sa', 'L', 'n', 'ville', 'village, ville'),
(574, 'saa', 'LL', 'v', 'libérer', ''),
(575, 'saa', 'LL', 'v', 'ouvrir', 'ouvrir, délier'),
(576, 'saá\'ka', 'LHL', 'adv', 'ici_insignifiant', ''),
(577, 'sak', 'L', 'det', '2.POSS', 'ton, vos'),
(578, 'sák', 'H', 'pro', '2', 'toi, vous'),
(579, 'sakpód', 'LH', 'n', 'domaine_2', 'ce qui te/vous concerne, domaine (ton, votre), le domaine de votre X'),
(580, 'sakpód', 'LH', 'pro', '2.POSS.DET', 'le tien, le vôtre'),
(581, 'sálo', 'HL', 'n', 'besoin', ''),
(582, 'sálo', 'HL', 'n', 'obligation', ''),
(583, 'sapód', 'LH', 'n', 'ban', 'arrière-pays, ban'),
(584, 'sẹ', 'X', 'pro', 'rien', ''),
(585, 'sẹ', 'X', 'pro', 'personne', ''),
(586, 'séb', 'H', 'v', 'poser', 'poser, placer'),
(587, 'sél', 'H', 'v', 'obéir', 'obéir à, être assujetti à'),
(588, 'sep', 'L', 'n', 'graine', ''),
(589, 'sia', 'L', 'v', 'être', 'être'),
(590, 'sieér', 'LH', 'v', 'blesser', ''),
(591, 'sieér', 'LH', 'n', 'blessure', ''),
(592, 'sieér', 'LH', 'n', 'blessé', ''),
(593, 'sîm', 'F', 'v', 'broyer', 'broyer, moudre, pulvériser'),
(594, 'sîm', 'F', 'n', 'farine', ''),
(595, 'siụ', 'X', 'v', 'être.NEG', 'ne pas être'),
(596, 'sóga', 'HL', 'n', 'clan', 'clan, famille'),
(597, 'sóga', 'HL', 'n', 'confrérie', ''),
(598, 'sóga', 'HL', 'n', 'société', ''),
(599, 'sógaákhe', 'HLHL', 'v', 'exil', 'exil, bannissement'),
(600, 'sógaákhe', 'HLHL', 'v', 'expulsion', ''),
(601, 'sógaákhë', 'HLH∅', 'v', 'exiler', 'exiler, bannir'),
(602, 'sógaákhë', 'HLH∅', 'v', 'expulser', ''),
(603, 'sógaákhläng', 'HLH∅', 'n', 'banni', ''),
(604, 'sógaákhläng', 'HLH∅', 'n', 'bandit', 'bandit, hors-la-loi'),
(605, 'sógaal', 'HLL', 'n', 'sous-branche (clan), branche collatérale (clan)', ''),
(606, 'sógaalékhë', 'HLLH∅', 'v', 'fonder', 'fonder (clan)'),
(607, 'sógaba', 'HLL', 'n', 'siège_clan', 'siège du clan'),
(608, 'sógaba', 'HLL', 'n', 'pays', 'pays sous un même état'),
(609, 'sógaba', 'HLL', 'n', 'maison', 'maison ancestrale'),
(610, 'sógaku', 'HLL', 'n', 'cousin‧e', 'parent‧e, cousin‧e'),
(611, 'sógaku', 'HLL', 'n', 'confrœur', 'confrère, consœur'),
(612, 'sógaläng', 'HL∅', 'n', 'insigne', 'insigne, emblème'),
(613, 'sógaläng', 'HL∅', 'n', 'sceau', 'sceau, signature'),
(614, 'sógapód', 'HLH', 'n', 'loi', 'loi coutumière, loi du clan'),
(615, 'sógapód', 'HLH', 'n', 'territoire', 'territoire clanique'),
(616, 'sókhö', 'H∅', 'adj', 'fort', ''),
(617, 'sókphǒd', 'HR', 'n', 'force', ''),
(618, 'sooni', 'LLL', 'n', 'femme', ''),
(619, 'sooni', 'LLL', 'n', 'femelle', ''),
(620, 'sopa', 'LL', 'adj', 'jeune', ''),
(621, 'sopa', 'LL', 'adj', 'immature', ''),
(622, 'sos', 'L', 'v', 'égaler', ''),
(623, 'sos', 'L', 'v', 'équivaloir', ''),
(624, 'ss', 'L', 'idph', 'sss', 'sifflement'),
(625, 'sú', 'H', 'pro', 'quelque_chose ; quelqu\'un', 'quelque chose, quelqu\'un'),
(626, 'suěk', 'R', 'adj', 'en_colère', 'en colère'),
(627, 'suekpód', 'LH', 'n', 'colère', ''),
(628, 'sugzuizî', 'LLF', 'n', 'temps_couvert', 'temps couvert, météo couverte'),
(629, 'suizî', 'LF', 'n', 'ombre', ''),
(630, 'suizî', 'LF', 'n', 'taie, cécité', ''),
(631, 'suizílang', 'LHL', 'n', 'aveugle', ''),
(632, 'suizípǒd', 'LHR', 'n', 'ténèbres, abysses', ''),
(633, 'sungká', 'LH', 'v', 'graver', ''),
(634, 'sungká', 'LH', 'v', 'écrire', ''),
(635, 'sungká', 'LH', 'v', 'décrire', ''),
(636, 'sungkâ', 'LF', 'n', 'gravure', ''),
(637, 'sungkâ', 'LF', 'n', 'texte', ''),
(638, 'sungkáku', 'LHL', 'n', 'lettre', 'lettre, signe, caractère'),
(639, 'sungkárï', 'LH∅', 'n', 'burin', ''),
(640, 'sungkárï', 'LH∅', 'n', 'calame', ''),
(641, '-t', '', 'aff', 'SS', 'reprise ou annonce du sujet'),
(642, 'ta', 'L', 'n', 'instrument', 'instrument de musique'),
(643, 'taako', 'LL', 'n', 'bassine', 'bassine, vasque'),
(644, 'tál', 'H', 'n', 'tour', ''),
(645, 'tál', 'H', 'n', 'Palais Royal', ''),
(646, 'tál', 'H', 'n', 'royauté', ''),
(647, 'tál', 'H', 'n', 'autorité royale', ''),
(648, 'tálba', 'HL', 'n', 'dynastie', 'dynastie, lignée royale'),
(649, 'tálku', 'HL', 'n', 'royal', 'membre de la famille royale'),
(650, 'tan', 'L', 'n', 'sommeil', 'sommeil, dormir'),
(651, 'taphé', 'LH', 'n', 'ligne', 'ligne, vecteur'),
(652, 'taphé', 'LH', 'n', 'chemin', 'chemin, route'),
(653, 'taphéba', 'LHL', 'n', 'accès_chemin, réseau_routier', ''),
(654, 'taphédiyáa', 'LHLH', 'n', 'place', ''),
(655, 'taphédiyáa', 'LHLH', 'n', 'forum', ''),
(656, 'taphéel', 'LHL', 'n', 'embranchement', ''),
(657, 'tas', 'L', 'n', 'foie', ''),
(658, 'tastaphé', 'LLH', 'n', 'dessin', 'dessin, esquisse'),
(659, 'té', 'H', 'v', 'arriver', ''),
(660, 'té', 'H', 'v', 'réussir', ''),
(661, 'téduǐl', 'HLH', 'v', 'plus_important', 'être plus important que'),
(662, 'téduǐl', 'HLH', 'v', 'sans_faille', 'sans faille, parfaite'),
(663, 'tée', 'HL', 'v', 'plus_haut', 'être le plus haut'),
(664, 'tégü', 'H∅', 'v', 'arriver_après', 'arriver après, suivre, dernier'),
(665, 'tek lï', 'L∅', 'adv', 'toujours', ''),
(666, 'tekot', 'LL', 'n', 'champ', ''),
(667, 'tekot', 'LL', 'n', 'travail', 'travail, tâche'),
(668, 'tekotïl', 'LL∅', 'n', 'récolte', 'récolte, moisson'),
(669, 'tekotïl', 'LL∅', 'n', 'résultat', ''),
(670, 'tekotpa', 'LLL', 'n', 'campagne', ''),
(671, 'tekotpód', 'LLH', 'n', 'surface_agraire', 'surface agraire'),
(672, 'tekotpódgu', 'LLHL', 'n', 'unité', 'unité de surface (≈30 ares)'),
(673, 'télispa', 'HLL', 'v', 'dépasser', 'être plus nombreux que, dépasser en nombre'),
(674, 'Tenné', 'LH', 'np', 'Tenné', 'Tenné, clan greedien'),
(675, 'tép', 'H', 'v', 'comprendre', ''),
(676, 'tépu', 'HL', 'v', 'éclatant', 'être éclatant'),
(677, 'tésia', 'HL', 'v', 'précéder', 'arriver avant, précéder, premier'),
(678, 'testekot', 'LLL', 'n', 'champ_grand-père', 'champ du grand-père'),
(679, 'testekot', 'LLL', 'n', 'indemnité', ''),
(680, 'téthar', 'HL', 'v', 'plus_léger', 'plus léger, très superficiel'),
(681, 'thama', 'LL', 'adj', 'autre', ''),
(682, 'thama', 'LL', 'adj', 'différent', ''),
(683, 'thamaákhe', 'LLHL', 'n', 'émotion', ''),
(684, 'thamaákhë', 'LLH∅', 'v', 'changer', 'changer, transformer, devenir volontairement'),
(685, 'thamaákhepód', 'LLHLH', 'n', 'visage', ''),
(686, 'thamaákhepód', 'LLHLH', 'n', 'expression', ''),
(687, 'thar', 'L', 'adj', 'léger', ''),
(688, 'thar', 'L', 'adj', 'superficiel', 'superficiel, peu profond'),
(689, 'tharékhë', 'LH∅', 'v', 'alléger', ''),
(690, 'tharékhë', 'LH∅', 'v', 'débarasser', ''),
(691, 'tharpód', 'LH', 'n', 'haut-fond', 'haut-fond, banc'),
(692, 'therre', 'LL', 'n', 'glissade', ''),
(693, 'therre', 'LL', 'n', 'flot', 'écoulement, flot'),
(694, 'therreläng', 'LL∅', 'n', 'cascade', 'cascade , chute d\'eau'),
(695, 'thesi', 'LL', 'v', 'pondre', ''),
(696, 'thesi', 'LL', 'n', 'œuf', ''),
(697, 'thíbalbaad', 'HLLL', 'n', 'visiteur', 'hôte, visiteur'),
(698, 'thiénas', 'HL', 'n', 'chasseur', ''),
(699, 'thílim', 'HL', 'n', 'roi', ''),
(700, 'thílimïl', 'HL∅', 'n', 'prince, princesse', ''),
(701, 'thímabaad', 'HLLL', 'n', 'novice', ''),
(702, 'thímabaad', 'HLLL', 'n', 'jeune_marié, novice', 'jeune marié'),
(703, 'thímasungkâ', 'HLLF', 'n', 'chroniqueur', 'chroniqueur, historien'),
(704, 'thímiod', 'HL', 'n', 'messager', 'page, messager royal'),
(705, 'thímulô', 'HLF', 'n', 'ambitieux', ''),
(706, 'thísel', 'HR', 'n', 'sujet', 'sujet, subordonné'),
(707, 'thísogáalekhê', 'HLHLLF', 'n', 'fondateur', 'fondateur du clan, ancêtre tutélaire'),
(708, 'thísungkâ', 'HLF', 'n', 'scribe', ''),
(709, 'thízeéloom', 'LHLHL', 'n', 'enseignant', 'enseignant, professeur'),
(710, 'thómba', 'HL', 'n', 'mémoire', ''),
(711, 'thón', 'H', 'v', 'marcher', ''),
(712, 'thôn', 'F', 'n', 'empreinte', ''),
(713, 'thôn', 'F', 'n', 'souvenir', ''),
(714, 'thórrï', 'H∅', 'n', 'bâton', 'bâton de marche'),
(715, 'thórrï', 'H∅', 'n', 'allié', 'allié, membre de la famille du beau-frère, beau-fils'),
(716, 'thual', 'L', 'v', 'parler de', ''),
(717, 'thual', 'L', 'n', 'parole', ''),
(718, 'thual', 'L', 'n', 'langue', ''),
(719, 'thulthual', 'LL', 'v', 'raconter', 'conter, réciter, raconter'),
(720, 'thulthual', 'LL', 'n', 'récit', ''),
(721, 'thulthual', 'LL', 'n', 'conte', 'conte, fable, histoire inventée'),
(722, 'thuôk', 'F', 'n', 'action', ''),
(723, 'thuôk', 'F', 'n', 'mouvement', ''),
(724, 'thuôk', 'F', 'n', 'travail', ''),
(725, 'thuóklang', 'HL', 'n', 'animal', ''),
(726, 'thuth', 'L', 'idph', 'bizarre', 'bizarre, étrange'),
(727, 'tiâ', 'HL', 'adj', 'faible', 'faible, fragile'),
(728, 'tiámpe', 'HL', 'n', 'mot', ''),
(729, 'tiân', 'F', 'v', 'murmurer', ''),
(730, 'tígo', 'HL', 'v', 'détester', ''),
(731, 'tik', 'L', 'n', 'canne_sucre', 'canne à sucre'),
(732, 'tikïl', 'L∅', 'n', 'sirop', 'sirop, mélasse'),
(733, 'tikilsîm', 'LLF', 'n', 'gâteau', 'gâteau, pâtisserie'),
(734, 'tikra', 'LL', 'n', 'brisure', 'brisure en cours'),
(735, 'tikra', 'LL', 'n', 'cassure', 'cassure nette'),
(736, 'tikra', 'LL', 'v', 'briser', 'briser, casser, rompre'),
(737, 'tikra', 'LL', 'v', 'partager', 'diviser, partager'),
(738, 'tikraku', 'LLL', 'n', 'morceau', 'morceau, part'),
(739, 'tikraku', 'LLL', 'n', 'un_peu', 'un peu'),
(740, 'tikrasia', 'LLL', 'n', 'scier', ''),
(741, 'tikrasia', 'LLL', 'n', 'découper', ''),
(742, 'tikrasirï', 'LLL∅', 'n', 'scie', ''),
(743, 'tíltigô', 'HLF', 'v', 'harceler', 'harceler, jurer la perte de,'),
(744, 'tiltikra', 'LLL', 'v', 'pulvériser', ''),
(745, 'tiltikra', 'LLL', 'v', 'éclater', ''),
(746, 'tiltikra', 'LLL', 'v', 'ébrécher', ''),
(747, 'tiltikra', 'LLL', 'n', 'miettes', ''),
(748, 'tiltikrarï', 'LLL', 'n', 'pioche', ''),
(749, 'tin', 'L', 'det', 'ce_apprécié', 'ce X apprécié, démonstratif de proximité émotionnelle'),
(750, 'tín', 'H', 'pro', 'celui_apprécié', 'celui-ci (apprécié)'),
(751, 'tipú', 'LH', 'n', 'cinq', ''),
(752, 'tipuíl', 'LH', 'n', 'trop', 'trop de'),
(753, 'tíra', 'HL', 'vm', 'nager', ''),
(754, 'tírasia', 'HLL', 'v', 'tremper', 'tremper, mouiller'),
(755, 'Tírasia\'biníg', 'HLLLH', 'np', 'Tirash\'my', 'Tirash\'my, clan greedien'),
(756, 'titus', 'LL', 'adj', 'calme', 'calme, docile, pacifique'),
(757, 'titusékhë', 'LLH∅', 'v', 'apprivoiser', ''),
(758, 'tituspód', 'LLH', 'n', 'paix', 'calme, convivialité, paix'),
(759, 'tituspóddiyáa', 'LLHLHL', 'n', 'monastère', ''),
(760, 'tituspóddiyáa', 'LLHLHL', 'n', 'maison_commune', 'maison commune'),
(761, 'tob', 'L', 'v', 'cogner', 'cogner, frapper à main nue'),
(762, 'tob', 'L', 'v', 'correspondre', 'correspondre à, répondre à, être vrai, exact'),
(763, 'tógdol', 'HL', 'n', 'moment général, moment fréquent', ''),
(764, 'tokro', 'LL', 'adj', 'froid', ''),
(765, 'tokropód', 'LLH', 'n', 'froid', ''),
(766, 'tokropód', 'LLH', 'n', 'profondeurs', 'profondeurs océaniques'),
(767, 'tokropód', 'LLH', 'n', 'Enfers', 'Enfers greediens'),
(768, 'tól', 'H', 'v', 'prendre', ''),
(769, 'tól', 'H', 'v', 'saisir', 'saisir subitement, s\'emparer de'),
(770, 'tôl', 'F', 'n', 'prise', ''),
(771, 'tôl', 'F', 'n', 'moment', 'fois, moment'),
(772, 'tôl', 'F', 'n', 'prise', ''),
(773, 'tôl', 'F', 'n', 'moment', 'fois, moment'),
(774, 'tôl', 'F', 'n', 'prise', ''),
(775, 'tôl', 'F', 'n', 'moment', 'fois, moment'),
(776, 'tólsia', 'HL', 'v', 'attraper', ''),
(777, 'tólsia', 'HL', 'v', 'acculer', ''),
(778, 'tórri', 'HL', 'n', 'gaffe', ''),
(779, 'tóstol', 'HL', 'n', 'instant', 'instant, moment précis, rare'),
(780, 'tuepé', 'LH', 'vm', 'venir', ''),
(781, 'tuepé', 'LH', 'vm', 'visiter', ''),
(782, 'túgdǔz', 'HR', 'n', 'incendie', ''),
(783, 'tuné', 'LH', 'n', 'six', ''),
(784, 'túz', 'H', 'n', 'feu', ''),
(785, 'túzdǎl', 'HR', 'n', 'phare', ''),
(786, 'túzekhé', 'HLH', 'v', 'brûler', ''),
(787, 'túzïl', 'H∅', 'n', 'cendre', ''),
(788, 'údomläng', 'HL∅', 'n', 'cousin', '(petit)-cousin·e du côté maternel'),
(789, 'ugé', 'LH', 'adj', 'triste', ''),
(790, 'ugéekhé', 'LHLH', 'v', 'attrister', 'attrister, rendre triste'),
(791, 'ugépǒd', 'LHR', 'n', 'tristesse', ''),
(792, 'úgudôm', 'HLF', 'n', 'ventru', ''),
(793, 'uguluz', 'LLL', 'n', 'grand-oncle', 'grand-oncle, frère du grand-père'),
(794, 'Úkhang', 'HL', 'np', 'Uhan', 'Uhan (prénom)'),
(795, 'ul', 'L', 'n', 'vent', ''),
(796, 'ul', 'L', 'n', 'air', ''),
(797, 'ulïl', 'L∅', 'n', 'cirrus', ''),
(798, 'ulul', 'LL', 'v', 'rire', ''),
(799, 'uluz', 'LL', 'n', 'oncle', 'oncle paternel, frère du père'),
(800, 'umá', 'LH', 'v', 'sentir', ''),
(801, 'umá', 'LH', 'v', 'renifler', ''),
(802, 'umáläng', 'LH∅', 'n', 'odorat', ''),
(803, 'unák', 'LH', 'v', 'modeler', 'modeler, sculpter'),
(804, 'unák', 'LH', 'v', 'créer', 'créer, faire, fabriquer'),
(805, 'utíta', 'LHL', 'n', 'tambour', ''),
(806, 'utré', 'LH', 'v', 'monter, enfourcher', ''),
(807, 'utrê', 'LF', 'n', 'monture', ''),
(808, 'ǔz', 'R', 'n', 'viande', ''),
(809, 'wǎk', 'R', 'adj', 'laid', ''),
(810, 'wǎl', 'R', 'adj', 'immobile, prêt', ''),
(811, 'wǎl', 'R', 'adj', 'destiné à, attendant', ''),
(812, 'walékhe', 'LHL', 'n', 'immobilité', ''),
(813, 'walékhe', 'LHL', 'n', 'pause', ''),
(814, 'walékhe', 'LHL', 'n', 'préparation', ''),
(815, 'walékhě', 'LHR', 'v', 'immobiliser', ''),
(816, 'walékhě', 'LHR', 'v', 'faire_pause', 'faire une pause'),
(817, 'walékhě', 'LHR', 'v', 'préparer', ''),
(818, 'walláng', 'LH', 'n', 'plante', ''),
(819, 'wallángïl', 'LH∅', 'n', 'foin', ''),
(820, 'wallángïl', 'LH∅', 'n', 'végétarianisme', 'régime végétarien, végétarianisme'),
(821, 'we', '', 'intj', 'haha', 'onomatopée du rire'),
(822, 'wen', 'L', 'n', 'mesure', ''),
(823, 'wen', 'L', 'n', 'valeur', ''),
(824, 'wen', 'L', 'n', 'donnée', ''),
(825, 'wěn', 'R', 'v', 'mesurer', ''),
(826, 'wěn', 'R', 'v', 'estimer', ''),
(827, 'wéwe', 'HL', 'idph', 'drôle', 'drôle, marrant'),
(828, 'wo', 'L', 'n', 'trou', ''),
(829, 'wo', 'L', 'n', 'absence', ''),
(830, 'wo', 'L', 'n', 'oubli', ''),
(831, 'wo', 'L', 'loc', 'sans', ''),
(832, 'wǒ', 'R', 'v', 'ouvrir', ''),
(833, 'yâ', 'F', 'adj', 'bas', ''),
(834, 'yaa', 'LL', 'Part.v', 'IMP', ''),
(835, 'yáakhé', 'HLH', 'v', 'descendre', ''),
(836, 'yáakhé', 'HLH', 'v', 'baisser', ''),
(837, 'yáakhé', 'HLH', 'v', 'enlever', ''),
(838, 'yaarum', 'LLL', 'n', 'pluie', ''),
(839, 'yaas', 'LL', 'Part.v', 'GNO', 'particule des connaissances évidentes, de l\'assentiment'),
(840, 'yaas', 'LL', 'Part.v', 'PROM', 'particule de la promesse, de la certitude'),
(841, 'yaas', 'LL', 'intj', 'oui', 'bien sûr, c\'est évident, oui'),
(842, 'yak', 'L', 'n', 'pulpe', ''),
(843, 'yak', 'L', 'n', 'réserve', ''),
(844, 'yak', 'L', 'n', 'pouvoir', 'potentiel, pouvoir'),
(845, 'yé', 'H', 'Part.v', 'PFT', 'parfait'),
(846, 'yékhi', 'HL', 'n', 'fente', 'fente, ouverture'),
(847, 'yékhi', 'HL', 'n', 'vulve', ''),
(848, 'yem', 'L', 'n', 'mer', 'mer, océan'),
(849, 'yem', 'L', 'n', 'espace', ''),
(850, 'yem', 'L', 'n', 'multitude', ''),
(851, 'yemläng', 'L∅', 'n', 'pêcheur', 'marin, pêcheur en haute mer'),
(852, 'yemzakó', 'LLH', 'n', 'fleur_mer', 'fleur de mer (algue)'),
(853, 'yendeemo', 'LLLL', 'n', 'orphelin', ''),
(854, 'yendeemo', 'LLLL', 'n', 'abandonné', ''),
(855, 'yóri', 'HL', 'adj', 'chaud', ''),
(856, 'yos', 'L', 'v', 'voir, regarder', ''),
(857, 'yosku', 'LL', 'n', 'indice', ''),
(858, 'yoskü', 'L∅', 'v', 'induire', ''),
(859, 'yoskü', 'L∅', 'v', 'découvrir', 'découvrir par induction'),
(860, 'yosläng', 'L∅', 'n', 'vision', ''),
(861, 'yosläng', 'L∅', 'n', 'acuité', 'acuité visuelle'),
(862, 'yosläng', 'L∅', 'n', 'intelligence', ''),
(863, 'yospód', 'LH', 'n', 'perceptivité', ''),
(864, 'yospód', 'LH', 'n', 'intelligence', ''),
(865, 'yos\'sẹ', 'LX', 'n', 'ermite', ''),
(866, 'yossia', 'LL', 'v', 'déduire', ''),
(867, 'yossia', 'LL', 'v', 'découvrir', 'découvrir par déduction'),
(868, 'yû', 'F', 'n', 'poisson', ''),
(869, 'yub', 'L', 'v', 'enfoncer', ''),
(870, 'yub', 'L', 'v', 'ficher', ''),
(871, 'yub', 'L', 'v', 'planter', ''),
(872, 'yub', 'L', 'v', 'affirmer', 'affirmer, jurer'),
(873, 'yúba', 'HL', 'n', 'pêche', 'pêche, prises de pêche'),
(874, 'yûpód', 'FH', 'n', 'pêche', 'zone de pêche'),
(875, 'yúri', 'HL', 'n', 'filet', ''),
(876, 'yúri', 'HL', 'n', 'maille', ''),
(877, 'yuzíl', 'LH', 'n', 'salive', ''),
(878, 'zakó', 'LH', 'n', 'fleur', ''),
(879, 'zakó', 'LH', 'n', 'tube', 'tube, tuyau'),
(880, 'zakó', 'LH', 'n', 'cheminée', ''),
(881, 'zakó', 'LH', 'n', 'oreille', 'oreille, pavillon auriculaire'),
(882, 'zakó', 'LH', 'n', 'génital', 'organe génital'),
(883, 'zakóol', 'LHL', 'n', 'pistil', ''),
(884, 'zeébomé', 'LHLH', 'v', 'vider', 'vider, évider'),
(885, 'zeébomé\'dool', 'LHLHLL', 'n', 'seau', 'seau à écoper'),
(886, 'zeébǔl', 'LHR', 'v', 'aller_avec', 'aller avec, accompagner'),
(887, 'zeébus', 'LHL', 'v', 'engendrer', 'engendrer, faire naître'),
(888, 'zeéduǐl', 'LHR', 'v', 'presser', 'appuyer, presser'),
(889, 'zeéduǐl', 'LHR', 'v', 'rappeler', 'rappeler, faire se souvenir'),
(890, 'zeéduirrí', 'LHLH', 'n', 'plaque de pression, piège', ''),
(891, 'zeékupa', 'LHLL', 'v', 'accompagner_mourant', 'accompagner les derniers instants d\'un mourant'),
(892, 'zeéle', 'LHL', 'n', 'poinçonnage', ''),
(893, 'zeéle', 'LHL', 'n', 'marque', ''),
(894, 'zeélě', 'LHR', 'v', 'poinçonner', ''),
(895, 'zeéloom', 'LHLL', 'n', 'leçon', ''),
(896, 'zeéloom', 'LHLL', 'v', 'enseigner', ''),
(897, 'zeénabe', 'LHLL', 'v', 'faciliter_transit', 'faciliter le transit'),
(898, 'zeénabe', 'LHLL', 'v', 'donner_diarrhée', 'donner une diarrhée'),
(899, 'zeénaberï', 'LHLL∅', 'n', 'laxatif', ''),
(900, 'zeépiak', 'LHL', 'v', 'aplatir', 'aplatir, égaliser'),
(901, 'zeépiak', 'LHL', 'v', 'aplatirboucher', 'boucher (trou)'),
(902, 'zeérǐ', 'LHR', 'v', 'nourrir', ''),
(903, 'zeésos', 'LHL', 'v', 'juger', ''),
(904, 'zeésosläng', 'LHLØ', 'n', 'justice', 'sense de la justice'),
(905, 'zeésungká', 'LHLH', 'v', 'impressionner', ''),
(906, 'zeésungkáläng', 'LHLH∅', 'n', 'impressionnable', ''),
(907, 'zeétaphé', 'LHLH', 'v', 'aligner', 'aligner, redresser'),
(908, 'zeétherre', 'LHLL', 'v', 'verser', 'faire glisser, verser'),
(909, 'zeétherre', 'LHLL', 'n', 'libation', ''),
(910, 'zeétherri', 'LHLL', 'n', 'coupe, goubelet', ''),
(911, 'zeéthual', 'LHL', 'v', 'questionner', 'demander, questionner'),
(912, 'zeétirâ', 'LHLF', 'v', 'nager_avec', 'nager avec, accompagner en nageant'),
(913, 'zeétitus', 'LHLL', 'v', 'calmer', 'calmer, pacifier'),
(914, 'zeétuepé', 'LHLH', 'v', 'venir_avec', 'venir avec, accompagner'),
(915, 'zeétuepé', 'LHLH', 'v', 'inviter', 'convier, inviter'),
(916, 'zeézakó', 'LHLH', 'v', 'enrouler', ''),
(917, 'zelzeétherre', 'LLHLL', 'v', 'écoper', 'écoper vers'),
(918, 'zelzeétherre', 'LLHLL', 'v', 'verser', 'verser petit à petit'),
(919, 'zelzeéthual', 'LLHL', 'v', 'interroger', 'harceler, interroger'),
(920, 'zewál', 'LH', 'v', 'faire_attendre', 'faire attendre'),
(921, 'zewâl', 'LF', 'n', 'attente', ''),
(922, 'zewâl', 'LF', 'n', 'temps, durée', ''),
(923, 'zewárri', 'LHL', 'n', 'clepsydre', ''),
(924, 'zewárri', 'LHL', 'n', 'sablier', ''),
(925, 'zewénas', 'LHL', 'v', 'courir_avec', 'courir avec'),
(926, 'zing', 'L', 'n', 'feuille', ''),
(927, 'zórtho', 'HL', 'n', 'arbre', ''),
(928, 'zórthoba', 'HLL', 'n', 'forêt', ''),
(929, '—', '', 'v', 'être', ''),
(930, '-Ạ', '', 'aff', 'NEG', 'ne... pas');

-- --------------------------------------------------------

--
-- Structure de la table `dico_nespatais`
--

CREATE TABLE `dico_nespatais` (
  `id` int(11) NOT NULL,
  `nespatais` varchar(50) DEFAULT NULL,
  `francais` varchar(50) DEFAULT NULL
) ENGINE=InnoDB DEFAULT CHARSET=utf8;

--
-- Déchargement des données de la table `dico_nespatais`
--

INSERT INTO `dico_nespatais` (`id`, `nespatais`, `francais`) VALUES
(2, 'rizere', 'affirmer'),
(3, 'aadaz', 'accent, façon de parler'),
(4, 'obra', 'alerte, alarme'),
(5, 'yorèf', 'âge'),
(6, 'ses', 'loin de'),
(7, 'rèl', 'rien, aucun'),
(8, 'pèjèt', 'joyeux, heureux'),
(9, 'zètra', 'fertile, fécond, arable, prolifique, fructueux'),
(10, 'sugabèd', 'escale, étape'),
(11, 'Txina', 'Chine');

-- --------------------------------------------------------

--
-- Structure de la table `pharses_mardi`
--

CREATE TABLE `pharses_mardi` (
  `id` int(11) NOT NULL,
  `mot_source` int(11) NOT NULL,
  `p_source` varchar(255) NOT NULL,
  `p_cible` varchar(255) NOT NULL
) ENGINE=InnoDB DEFAULT CHARSET=utf8;

--
-- Déchargement des données de la table `pharses_mardi`
--

INSERT INTO `pharses_mardi` (`id`, `mot_source`, `p_source`, `p_cible`) VALUES
(1, 37, 'Lios ná nesnee belá raa.', 'Le nesnee sautille sur l\'herbe.'),
(2, 102, 'Dua dar raa.', 'J\'étais debout.'),
(3, 278, 'Desteemo ílistâ khiúkh.', 'Le bébé n\'arrête pas d\'éternuer.'),
(4, 312, 'Ól nä yosịt kub nä.', 'Il n\'a pas envie de les voir.'),
(5, 317, 'Tín kupa raa.', 'Il mourut.'),
(6, 412, 'Sák nä rit mor diû.', 'Tu devras le manger.'),
(7, 503, 'Dua paak nä.', 'Je suis allongé sur le ventre.'),
(8, 650, 'Sak tan nä.', 'Tu dors. '),
(9, 684, 'Guyúl nä dua thamaákhik.', 'Je me suis reconverti en marin.'),
(10, 709, 'Thízeéloom ísta boró na.', 'Le professeur fait la leçon.'),
(11, 831, 'Yaas bueér wo lï uz ná.', 'Voici de la viande desséchée.');

-- --------------------------------------------------------

--
-- Structure de la table `phrases_nespatais`
--

CREATE TABLE `phrases_nespatais` (
  `id` int(11) NOT NULL,
  `mot_source` int(255) NOT NULL,
  `p_source` varchar(255) NOT NULL,
  `p_cible` varchar(255) NOT NULL
) ENGINE=InnoDB DEFAULT CHARSET=utf8;

--
-- Déchargement des données de la table `phrases_nespatais`
--

INSERT INTO `phrases_nespatais` (`id`, `mot_source`, `p_source`, `p_cible`) VALUES
(1, 2, 'Xi rizerah to ocri jirobag lolep car ted: xiti pedul nac opop. ', 'Je vous affirme qu\'il doit y avoir de l\'or dans les environs : mon pendule ne m\'a jamais trompé. '),
(2, 3, 'Ani fyun luatè aadaz ja merap vixe za nanic ècul fo xi…', 'Un homme à l\'accent étranger qui a des choses très importantes à me dire…'),
(3, 4, 'Re vawia filode. Re hodopia socii cipil te gyani peruc, dèr xi luhèiwia re olufètag…', 'Il a essayé de se déguiser. Il a mis une barbe-postiche et une perruque noire, mais je l\'ai reconnu…'),
(4, 5, 'yorèf, de rs fuce ome na sivid sug 1h34 te 13h34!', 'Tout ça parce que, à votre âge, vous ne savez pas faire la différence entre 1.34 h. et 13.34 h. !'),
(5, 6, 'U scow \"pxutt\" te u gucih spo na clib samè puve re ses u, oli telèm re èplodec di ut jèxul!...', 'Nous avons entendu \"pchutt\" et nous avons eu tout juste le temps de le jeter loin de nous, sans quoi il aurait fait explosion dans nos mains!...'),
(6, 7, 'Posè re lolep ted, u fug rèl zem re!... ', 'Du moment qu\'il est là, nous ne pouvons rien contre lui!...'),
(7, 8, 'Te xi su walanag pèjèti itsu yo lagèzat coje yoti abloh.', 'Et je serais particulièrement heureux si vous consentiez à me revendre votre bateau.'),
(8, 9, 'Sanders-Hardmuth dag zuow di Europa pli vetètè zètra bèd di Peru te Bolivia. ', 'L\'expédition ethnographique Sanders-Hardmuth vient de rentrer en Europe après un long et fructueux voyage au Pérou et en Bolivie. '),
(9, 10, 'La, ma Milu, dri plivo u riyames ri Port Saidh, di ja u was sugabèd. ', 'Oui, mon brave Milou, demain nous arriverons à Port-Saïd, où nous ferons escale.'),
(10, 11, 'Xi vemohia olufètag sefaxe ri Txina.', 'Il faut que je parte immédiatement pour la Chine.');

--
-- Index pour les tables déchargées
--

--
-- Index pour la table `dico_mardi`
--
ALTER TABLE `dico_mardi`
  ADD PRIMARY KEY (`id`);

--
-- Index pour la table `dico_nespatais`
--
ALTER TABLE `dico_nespatais`
  ADD PRIMARY KEY (`id`);

--
-- Index pour la table `pharses_mardi`
--
ALTER TABLE `pharses_mardi`
  ADD PRIMARY KEY (`id`),
  ADD KEY `mot_source` (`mot_source`);

--
-- Index pour la table `phrases_nespatais`
--
ALTER TABLE `phrases_nespatais`
  ADD PRIMARY KEY (`id`),
  ADD KEY `mot_nes` (`mot_source`);

--
-- AUTO_INCREMENT pour les tables déchargées
--

--
-- AUTO_INCREMENT pour la table `dico_mardi`
--
ALTER TABLE `dico_mardi`
  MODIFY `id` int(11) NOT NULL AUTO_INCREMENT, AUTO_INCREMENT=931;

--
-- AUTO_INCREMENT pour la table `dico_nespatais`
--
ALTER TABLE `dico_nespatais`
  MODIFY `id` int(11) NOT NULL AUTO_INCREMENT, AUTO_INCREMENT=12;

--
-- AUTO_INCREMENT pour la table `pharses_mardi`
--
ALTER TABLE `pharses_mardi`
  MODIFY `id` int(11) NOT NULL AUTO_INCREMENT, AUTO_INCREMENT=12;

--
-- AUTO_INCREMENT pour la table `phrases_nespatais`
--
ALTER TABLE `phrases_nespatais`
  MODIFY `id` int(11) NOT NULL AUTO_INCREMENT, AUTO_INCREMENT=11;

--
-- Contraintes pour les tables déchargées
--

--
-- Contraintes pour la table `pharses_mardi`
--
ALTER TABLE `pharses_mardi`
  ADD CONSTRAINT `pharses_mardi_ibfk_1` FOREIGN KEY (`mot_source`) REFERENCES `dico_mardi` (`id`);

--
-- Contraintes pour la table `phrases_nespatais`
--
ALTER TABLE `phrases_nespatais`
  ADD CONSTRAINT `phrases_nespatais_ibfk_1` FOREIGN KEY (`mot_source`) REFERENCES `dico_nespatais` (`id`);
COMMIT;

/*!40101 SET CHARACTER_SET_CLIENT=@OLD_CHARACTER_SET_CLIENT */;
/*!40101 SET CHARACTER_SET_RESULTS=@OLD_CHARACTER_SET_RESULTS */;
/*!40101 SET COLLATION_CONNECTION=@OLD_COLLATION_CONNECTION */;
